continent,isBot,statistics_type,city,latitude,type,uid,itemID,itemName,owningItem,countryCode,sortBy,id,longitude,owningComm,ip,query,dns,userAgent,referrer,rpp,sortOrder,bundleName,time,page,epersonid,itemHandle,compositeType,owningColl
AS,FALSE,view_online,Hanoi,21.0333,0,2149b1f7-2673-4849-8492-5aba4d71ae86,"2f83fca5-bfb8-4374-b554-2870bac219b2,2f83fca5-bfb8-4374-b554-2870bac219b2","Nâng cao hiệu quả hoạt động kinh doanh tại Công ty Cổ phần Sữa Việt Nam - Vinamilk,Nâng cao hiệu quả hoạt động kinh doanh tại Công ty Cổ phần Sữa Việt Nam - Vinamilk",2f83fca5-bfb8-4374-b554-2870bac219b2,VN,,f1b13961-8656-4f5d-b175-081024a8eefb,105.85,6a454412-5b9d-43d2-a2f3-7b20aa6b2b4e,117.6.131.70,,117.6.131.70,"Mozilla/5.0 (Windows NT 10.0; Win64; x64) AppleWebKit/537.36 (KHTML, like Gecko) Chrome/123.0.0.0 Safari/537.36",https://dlib.uneti.edu.vn/bitstreams/f1b13961-8656-4f5d-b175-081024a8eefb/view,,,ORIGINAL,2024-03-29T08:21:13.556Z,,d132f5ac-7491-4e9c-82ed-9b4170b8b662,"UNETI/1925,UNETI/1925",view,4f4ab1bc-b8ee-43e5-8719-ed9d85c8964a
AS,FALSE,view_online,Hanoi,21.0333,0,0d650eca-5c6f-4836-9d5e-66d0ece1a652,"2f83fca5-bfb8-4374-b554-2870bac219b2,2f83fca5-bfb8-4374-b554-2870bac219b2","Nâng cao hiệu quả hoạt động kinh doanh tại Công ty Cổ phần Sữa Việt Nam - Vinamilk,Nâng cao hiệu quả hoạt động kinh doanh tại Công ty Cổ phần Sữa Việt Nam - Vinamilk",2f83fca5-bfb8-4374-b554-2870bac219b2,VN,,f1b13961-8656-4f5d-b175-081024a8eefb,105.85,6a454412-5b9d-43d2-a2f3-7b20aa6b2b4e,117.6.131.70,,117.6.131.70,"Mozilla/5.0 (Windows NT 10.0; Win64; x64) AppleWebKit/537.36 (KHTML, like Gecko) Chrome/123.0.0.0 Safari/537.36",https://dlib.uneti.edu.vn/bitstreams/f1b13961-8656-4f5d-b175-081024a8eefb/view,,,ORIGINAL,2024-03-29T08:21:40.710Z,,d132f5ac-7491-4e9c-82ed-9b4170b8b662,"UNETI/1925,UNETI/1925",view,4f4ab1bc-b8ee-43e5-8719-ed9d85c8964a
AS,FALSE,view_online,Hanoi,21.0333,0,29b903d6-ee82-44d3-a806-591cf1123207,"35e3dab5-54d3-401f-abbf-14ac70bd74cd,35e3dab5-54d3-401f-abbf-14ac70bd74cd","Giáo trình Thiết kế sản phẩm cơ khí,Giáo trình Thiết kế sản phẩm cơ khí",35e3dab5-54d3-401f-abbf-14ac70bd74cd,VN,,71c4413d-6d74-4d72-b5d1-a19384cd36ed,105.85,33b204d3-3b94-4573-b556-586659dff6bd,118.70.127.49,,118.70.127.49,"Mozilla/5.0 (Windows NT 10.0; Win64; x64) AppleWebKit/537.36 (KHTML, like Gecko) Chrome/123.0.0.0 Safari/537.36",https://dlib.uneti.edu.vn/bitstreams/71c4413d-6d74-4d72-b5d1-a19384cd36ed/view,,,ORIGINAL,2024-03-29T08:25:05.733Z,,ffc718e7-f38f-43ce-a1d9-f35a26202cf2,"UNETI/4354,UNETI/4354",view,44ee1368-f7b9-44da-97a1-8316518f2c82
AS,FALSE,view_online,Hanoi,21.0333,0,e15051fb-aec0-4c6c-80f2-808b8a0b050d,"2f83fca5-bfb8-4374-b554-2870bac219b2,2f83fca5-bfb8-4374-b554-2870bac219b2","Nâng cao hiệu quả hoạt động kinh doanh tại Công ty Cổ phần Sữa Việt Nam - Vinamilk,Nâng cao hiệu quả hoạt động kinh doanh tại Công ty Cổ phần Sữa Việt Nam - Vinamilk",2f83fca5-bfb8-4374-b554-2870bac219b2,VN,,f1b13961-8656-4f5d-b175-081024a8eefb,105.85,6a454412-5b9d-43d2-a2f3-7b20aa6b2b4e,118.70.127.49,,118.70.127.49,"Mozilla/5.0 (Windows NT 10.0; Win64; x64) AppleWebKit/537.36 (KHTML, like Gecko) Chrome/123.0.0.0 Safari/537.36",https://dlib.uneti.edu.vn/bitstreams/f1b13961-8656-4f5d-b175-081024a8eefb/view,,,ORIGINAL,2024-03-29T08:26:05.089Z,,d132f5ac-7491-4e9c-82ed-9b4170b8b662,"UNETI/1925,UNETI/1925",view,4f4ab1bc-b8ee-43e5-8719-ed9d85c8964a
AS,FALSE,view_online,Ho Chi Minh City,10.8142,0,608446db-a3c2-4852-a3ff-23142db1fe27,"16302a34-83c3-47f8-b0ef-8d8f926096ae,16302a34-83c3-47f8-b0ef-8d8f926096ae","Tài liệu học tập Quản lý điểm đến du lịch,Tài liệu học tập Quản lý điểm đến du lịch",16302a34-83c3-47f8-b0ef-8d8f926096ae,VN,,8f7ce93c-63ac-4aeb-b53e-378cee208ee0,106.6438,33b204d3-3b94-4573-b556-586659dff6bd,42.118.48.153,,42.118.48.153,"Mozilla/5.0 (Windows NT 10.0; Win64; x64) AppleWebKit/537.36 (KHTML, like Gecko) Chrome/123.0.0.0 Safari/537.36",https://dlib.uneti.edu.vn/bitstreams/8f7ce93c-63ac-4aeb-b53e-378cee208ee0/view,,,ORIGINAL,2024-03-29T08:01:15.005Z,,d576a37e-5a39-41d8-8f35-3747f7a219b7,"UNETI/3391,UNETI/3391",view,5d2652a9-4ca2-4720-b395-2c3218c272d5
AS,FALSE,view_online,Hanoi,21.0333,0,9ff1584d-e07e-4fbb-8d84-0771320f13c2,"7d2aca72-8c63-47c6-9133-28b87f37f1c5,7d2aca72-8c63-47c6-9133-28b87f37f1c5","Giải pháp nâng cao hiệu quả hoạt động kinh doanh của Công ty Cổ phần Bánh kẹo Hải Hà,Giải pháp nâng cao hiệu quả hoạt động kinh doanh của Công ty Cổ phần Bánh kẹo Hải Hà",7d2aca72-8c63-47c6-9133-28b87f37f1c5,VN,,a087545b-572c-449e-9ae5-c3123654801f,105.85,6a454412-5b9d-43d2-a2f3-7b20aa6b2b4e,117.6.131.70,,117.6.131.70,"Mozilla/5.0 (Windows NT 10.0; Win64; x64) AppleWebKit/537.36 (KHTML, like Gecko) Chrome/123.0.0.0 Safari/537.36",https://dlib.uneti.edu.vn/bitstreams/a087545b-572c-449e-9ae5-c3123654801f/view,,,ORIGINAL,2024-03-29T08:22:28.295Z,,d132f5ac-7491-4e9c-82ed-9b4170b8b662,"UNETI/545,UNETI/545",view,c13164c8-48d9-4d00-aa58-db6396880214
AS,FALSE,view_online,Hanoi,21.0333,0,b952b7da-cc38-466c-a769-54a27c22a044,"7d2aca72-8c63-47c6-9133-28b87f37f1c5,7d2aca72-8c63-47c6-9133-28b87f37f1c5","Giải pháp nâng cao hiệu quả hoạt động kinh doanh của Công ty Cổ phần Bánh kẹo Hải Hà,Giải pháp nâng cao hiệu quả hoạt động kinh doanh của Công ty Cổ phần Bánh kẹo Hải Hà",7d2aca72-8c63-47c6-9133-28b87f37f1c5,VN,,a087545b-572c-449e-9ae5-c3123654801f,105.85,6a454412-5b9d-43d2-a2f3-7b20aa6b2b4e,117.6.131.70,,117.6.131.70,"Mozilla/5.0 (Windows NT 10.0; Win64; x64) AppleWebKit/537.36 (KHTML, like Gecko) Chrome/123.0.0.0 Safari/537.36",https://dlib.uneti.edu.vn/bitstreams/a087545b-572c-449e-9ae5-c3123654801f/view,,,ORIGINAL,2024-03-29T08:23:35.888Z,,d132f5ac-7491-4e9c-82ed-9b4170b8b662,"UNETI/545,UNETI/545",view,c13164c8-48d9-4d00-aa58-db6396880214
AS,FALSE,view_online,Hanoi,21.0333,0,ceafbc63-c4ec-4a26-9423-0e2487f58983,"39c16660-dd46-440d-8c5f-22622f3788c4,39c16660-dd46-440d-8c5f-22622f3788c4","Tài liệu học tập công nghệ java : Lưu hành nội bộ,Tài liệu học tập công nghệ java : Lưu hành nội bộ",39c16660-dd46-440d-8c5f-22622f3788c4,VN,,00eb546c-1b52-43f6-b597-85022fa7d9d7,105.85,33b204d3-3b94-4573-b556-586659dff6bd,210.245.48.178,,210.245.48.178,"Mozilla/5.0 (Windows NT 10.0; Win64; x64) AppleWebKit/537.36 (KHTML, like Gecko) Chrome/123.0.0.0 Safari/537.36",https://dlib.uneti.edu.vn/bitstreams/00eb546c-1b52-43f6-b597-85022fa7d9d7/view,,,ORIGINAL,2024-03-29T08:04:46.895Z,,1d84b8db-e0b8-442a-b60c-c438383f4660,"UNETI/3489,UNETI/3489",view,5d2652a9-4ca2-4720-b395-2c3218c272d5
AS,FALSE,view_online,Hanoi,21.0333,0,d276f992-eea2-4291-b838-da580670c2d9,"36d64f64-8ab8-427f-84fe-a2469b9cc516,36d64f64-8ab8-427f-84fe-a2469b9cc516","Tài liệu học tập Công nghệ phần mềm,Tài liệu học tập Công nghệ phần mềm",36d64f64-8ab8-427f-84fe-a2469b9cc516,VN,,1db6eda7-6470-4de4-97c2-bee2e5d53b37,105.85,33b204d3-3b94-4573-b556-586659dff6bd,210.245.48.178,,210.245.48.178,"Mozilla/5.0 (Windows NT 10.0; Win64; x64) AppleWebKit/537.36 (KHTML, like Gecko) Chrome/123.0.0.0 Safari/537.36",https://dlib.uneti.edu.vn/bitstreams/1db6eda7-6470-4de4-97c2-bee2e5d53b37/view,,,ORIGINAL,2024-03-29T08:03:44.770Z,,2daf634e-82d2-4388-ab10-abab19c296c4,"UNETI/3329,UNETI/3329",view,5d2652a9-4ca2-4720-b395-2c3218c272d5
AS,FALSE,view_online,Ho Chi Minh City,10.8142,0,7576e2a4-53d3-4148-b1a2-fb064dbdf54f,"a2cd50aa-e685-4c3d-96c0-8b7eb4bc10de,a2cd50aa-e685-4c3d-96c0-8b7eb4bc10de","Nâng cao hiệu quả sử dụng vốn kinh doanh tại công ty cổ phần đầu tư và xây dựng HUD1,Nâng cao hiệu quả sử dụng vốn kinh doanh tại công ty cổ phần đầu tư và xây dựng HUD1",a2cd50aa-e685-4c3d-96c0-8b7eb4bc10de,VN,,c855caf6-6c64-449d-8dda-5c3ada8bcd89,106.6438,6a454412-5b9d-43d2-a2f3-7b20aa6b2b4e,1.52.236.49,,1.52.236.49,"Mozilla/5.0 (Windows NT 10.0; Win64; x64) AppleWebKit/537.36 (KHTML, like Gecko) Chrome/121.0.0.0 Safari/537.36",https://dlib.uneti.edu.vn/bitstreams/c855caf6-6c64-449d-8dda-5c3ada8bcd89/view,,,ORIGINAL,2024-03-29T10:12:57.752Z,,c92ce2ee-2695-4fe1-be77-fca2a013a3e1,"UNETI/1773,UNETI/1773",view,4f4ab1bc-b8ee-43e5-8719-ed9d85c8964a
AS,FALSE,view,Thanh Pho Thai Nguyen,21.5928,0,06fa4b33-22c9-4648-a65d-3f74728f6eb5,"6f792d1a-8b3b-4fba-8355-a74ca31f6090,6f792d1a-8b3b-4fba-8355-a74ca31f6090","Giải pháp hoàn thiện hoạt động tiêu thụ sản phẩm tại Công ty Cổ phần Sơn Phước Định,Giải pháp hoàn thiện hoạt động tiêu thụ sản phẩm tại Công ty Cổ phần Sơn Phước Định",6f792d1a-8b3b-4fba-8355-a74ca31f6090,VN,,11987fa4-ec76-48f8-91af-04d441956a9c,105.8442,6a454412-5b9d-43d2-a2f3-7b20aa6b2b4e,116.97.108.103,,116.97.108.103,DRM UNETI/1.0.7 (vn.com.dlcorp.DRMUNETI; build:1; iOS 15.3.1) Alamofire/5.8.0,,,,THUMBNAIL,2024-03-29T01:11:52.610Z,,,"UNETI/559,UNETI/559",download,c13164c8-48d9-4d00-aa58-db6396880214
AS,FALSE,view,Thanh Pho Thai Nguyen,21.5928,0,a76f9887-1571-4f4e-8c6e-f4ef6e53adfa,"8baf0faa-e6e6-46c2-b491-6710c438ae72,8baf0faa-e6e6-46c2-b491-6710c438ae72","Hoàn thiện hoạt động tiêu thụ sản phẩm Công ty Cổ phần Đầu tư và Thương mại Thăng Hoa,Hoàn thiện hoạt động tiêu thụ sản phẩm Công ty Cổ phần Đầu tư và Thương mại Thăng Hoa",8baf0faa-e6e6-46c2-b491-6710c438ae72,VN,,5d0ac716-b755-4dfc-93e8-e0a3f73052b9,105.8442,6a454412-5b9d-43d2-a2f3-7b20aa6b2b4e,116.97.108.103,,116.97.108.103,DRM UNETI/1.0.7 (vn.com.dlcorp.DRMUNETI; build:1; iOS 15.3.1) Alamofire/5.8.0,,,,THUMBNAIL,2024-03-29T01:11:53.117Z,,,"UNETI/550,UNETI/550",download,c13164c8-48d9-4d00-aa58-db6396880214
AS,FALSE,view,Thanh Pho Thai Nguyen,21.5928,0,54e685ae-f869-480e-9d9c-3f0a8b44ef66,"6f792d1a-8b3b-4fba-8355-a74ca31f6090,6f792d1a-8b3b-4fba-8355-a74ca31f6090","Giải pháp hoàn thiện hoạt động tiêu thụ sản phẩm tại Công ty Cổ phần Sơn Phước Định,Giải pháp hoàn thiện hoạt động tiêu thụ sản phẩm tại Công ty Cổ phần Sơn Phước Định",6f792d1a-8b3b-4fba-8355-a74ca31f6090,VN,,11987fa4-ec76-48f8-91af-04d441956a9c,105.8442,6a454412-5b9d-43d2-a2f3-7b20aa6b2b4e,116.97.108.103,,116.97.108.103,DRM UNETI/1.0.7 (vn.com.dlcorp.DRMUNETI; build:1; iOS 15.3.1) Alamofire/5.8.0,,,,THUMBNAIL,2024-03-29T01:11:53.124Z,,,"UNETI/559,UNETI/559",download,c13164c8-48d9-4d00-aa58-db6396880214
AS,FALSE,view,Thanh Pho Thai Nguyen,21.5928,0,beb4876e-096d-4198-8183-4fa267120318,"8baf0faa-e6e6-46c2-b491-6710c438ae72,8baf0faa-e6e6-46c2-b491-6710c438ae72","Hoàn thiện hoạt động tiêu thụ sản phẩm Công ty Cổ phần Đầu tư và Thương mại Thăng Hoa,Hoàn thiện hoạt động tiêu thụ sản phẩm Công ty Cổ phần Đầu tư và Thương mại Thăng Hoa",8baf0faa-e6e6-46c2-b491-6710c438ae72,VN,,5d0ac716-b755-4dfc-93e8-e0a3f73052b9,105.8442,6a454412-5b9d-43d2-a2f3-7b20aa6b2b4e,116.97.108.103,,116.97.108.103,DRM UNETI/1.0.7 (vn.com.dlcorp.DRMUNETI; build:1; iOS 15.3.1) Alamofire/5.8.0,,,,THUMBNAIL,2024-03-29T01:12:02.893Z,,,"UNETI/550,UNETI/550",download,c13164c8-48d9-4d00-aa58-db6396880214
AS,FALSE,view,Thanh Pho Thai Nguyen,21.5928,0,6b26ca52-c6ea-43aa-839f-20c092a73b60,"6f792d1a-8b3b-4fba-8355-a74ca31f6090,6f792d1a-8b3b-4fba-8355-a74ca31f6090","Giải pháp hoàn thiện hoạt động tiêu thụ sản phẩm tại Công ty Cổ phần Sơn Phước Định,Giải pháp hoàn thiện hoạt động tiêu thụ sản phẩm tại Công ty Cổ phần Sơn Phước Định",6f792d1a-8b3b-4fba-8355-a74ca31f6090,VN,,11987fa4-ec76-48f8-91af-04d441956a9c,105.8442,6a454412-5b9d-43d2-a2f3-7b20aa6b2b4e,116.97.108.103,,116.97.108.103,DRM UNETI/1.0.7 (vn.com.dlcorp.DRMUNETI; build:1; iOS 15.3.1) Alamofire/5.8.0,,,,THUMBNAIL,2024-03-29T01:12:02.898Z,,,"UNETI/559,UNETI/559",download,c13164c8-48d9-4d00-aa58-db6396880214
AS,FALSE,view,Thanh Pho Thai Nguyen,21.5928,0,923b1b09-6d7c-41fd-b3fa-dc72c94ec68a,"8baf0faa-e6e6-46c2-b491-6710c438ae72,8baf0faa-e6e6-46c2-b491-6710c438ae72","Hoàn thiện hoạt động tiêu thụ sản phẩm Công ty Cổ phần Đầu tư và Thương mại Thăng Hoa,Hoàn thiện hoạt động tiêu thụ sản phẩm Công ty Cổ phần Đầu tư và Thương mại Thăng Hoa",8baf0faa-e6e6-46c2-b491-6710c438ae72,VN,,5d0ac716-b755-4dfc-93e8-e0a3f73052b9,105.8442,6a454412-5b9d-43d2-a2f3-7b20aa6b2b4e,116.97.108.103,,116.97.108.103,DRM UNETI/1.0.7 (vn.com.dlcorp.DRMUNETI; build:1; iOS 15.3.1) Alamofire/5.8.0,,,,THUMBNAIL,2024-03-29T01:12:03.467Z,,,"UNETI/550,UNETI/550",download,c13164c8-48d9-4d00-aa58-db6396880214
AS,FALSE,view,Thanh Pho Thai Nguyen,21.5928,0,a044b80c-444a-4940-a001-81ca7cdb91ac,"6f792d1a-8b3b-4fba-8355-a74ca31f6090,6f792d1a-8b3b-4fba-8355-a74ca31f6090","Giải pháp hoàn thiện hoạt động tiêu thụ sản phẩm tại Công ty Cổ phần Sơn Phước Định,Giải pháp hoàn thiện hoạt động tiêu thụ sản phẩm tại Công ty Cổ phần Sơn Phước Định",6f792d1a-8b3b-4fba-8355-a74ca31f6090,VN,,11987fa4-ec76-48f8-91af-04d441956a9c,105.8442,6a454412-5b9d-43d2-a2f3-7b20aa6b2b4e,116.97.108.103,,116.97.108.103,DRM UNETI/1.0.7 (vn.com.dlcorp.DRMUNETI; build:1; iOS 15.3.1) Alamofire/5.8.0,,,,THUMBNAIL,2024-03-29T01:12:03.475Z,,,"UNETI/559,UNETI/559",download,c13164c8-48d9-4d00-aa58-db6396880214
AS,FALSE,view,Thanh Pho Thai Nguyen,21.5928,0,8ba4ae6b-e535-4070-b7d9-f9e711a37487,"8baf0faa-e6e6-46c2-b491-6710c438ae72,8baf0faa-e6e6-46c2-b491-6710c438ae72","Hoàn thiện hoạt động tiêu thụ sản phẩm Công ty Cổ phần Đầu tư và Thương mại Thăng Hoa,Hoàn thiện hoạt động tiêu thụ sản phẩm Công ty Cổ phần Đầu tư và Thương mại Thăng Hoa",8baf0faa-e6e6-46c2-b491-6710c438ae72,VN,,5d0ac716-b755-4dfc-93e8-e0a3f73052b9,105.8442,6a454412-5b9d-43d2-a2f3-7b20aa6b2b4e,116.97.108.103,,116.97.108.103,DRM UNETI/1.0.7 (vn.com.dlcorp.DRMUNETI; build:1; iOS 15.3.1) Alamofire/5.8.0,,,,THUMBNAIL,2024-03-29T01:12:07.565Z,,,"UNETI/550,UNETI/550",download,c13164c8-48d9-4d00-aa58-db6396880214
AS,FALSE,view,Thanh Pho Thai Nguyen,21.5928,0,4fb45e15-c5b2-470e-bcb9-ab1b5ea64412,"36590c80-a1b0-4a68-b779-7ddae6051181,36590c80-a1b0-4a68-b779-7ddae6051181","Thúc đẩy hoạt động tiêu thụ sản phẩm của công ty cổ phần dược phẩm Vĩnh Phúc - VINAPHACO,Thúc đẩy hoạt động tiêu thụ sản phẩm của công ty cổ phần dược phẩm Vĩnh Phúc - VINAPHACO",36590c80-a1b0-4a68-b779-7ddae6051181,VN,,e8259ad7-53a4-41f2-839b-c32dbab72ffc,105.8442,6a454412-5b9d-43d2-a2f3-7b20aa6b2b4e,116.97.108.103,,116.97.108.103,DRM UNETI/1.0.7 (vn.com.dlcorp.DRMUNETI; build:1; iOS 15.3.1) Alamofire/5.8.0,,,,THUMBNAIL,2024-03-29T01:12:07.566Z,,,"UNETI/520,UNETI/520",download,c13164c8-48d9-4d00-aa58-db6396880214
AS,FALSE,view,Thanh Pho Thai Nguyen,21.5928,0,223d9d47-afb8-4bf2-b40a-b1dcb0f0c17d,"6f792d1a-8b3b-4fba-8355-a74ca31f6090,6f792d1a-8b3b-4fba-8355-a74ca31f6090","Giải pháp hoàn thiện hoạt động tiêu thụ sản phẩm tại Công ty Cổ phần Sơn Phước Định,Giải pháp hoàn thiện hoạt động tiêu thụ sản phẩm tại Công ty Cổ phần Sơn Phước Định",6f792d1a-8b3b-4fba-8355-a74ca31f6090,VN,,11987fa4-ec76-48f8-91af-04d441956a9c,105.8442,6a454412-5b9d-43d2-a2f3-7b20aa6b2b4e,116.97.108.103,,116.97.108.103,DRM UNETI/1.0.7 (vn.com.dlcorp.DRMUNETI; build:1; iOS 15.3.1) Alamofire/5.8.0,,,,THUMBNAIL,2024-03-29T01:12:07.639Z,,,"UNETI/559,UNETI/559",download,c13164c8-48d9-4d00-aa58-db6396880214
AS,FALSE,search,Hanoi,21.0333,,508ec957-6400-4d9b-9b7b-73ded37a0d6f,,,,VN,score,,105.85,,117.6.131.70,"""nâng cao hiệu quả hoạt động kinh doanh """,117.6.131.70,"Mozilla/5.0 (Windows NT 10.0; Win64; x64) AppleWebKit/537.36 (KHTML, like Gecko) Chrome/123.0.0.0 Safari/537.36",https://dlib.uneti.edu.vn/search?query=%22n%C3%A2ng%20cao%20hi%E1%BB%87u%20qu%E1%BA%A3%20ho%E1%BA%A1t%20%C4%91%E1%BB%99ng%20kinh%20doanh%20%22&spc.page=1,0,desc,,2024-03-29T08:17:02.856Z,1,,,search,
AS,FALSE,search,Hanoi,21.0333,,724516fd-6cf4-4fc6-85f9-c59ef68fdc5a,,,,VN,score,,105.85,,210.245.48.178,"""tài liệu học tập cơ điện tử""",210.245.48.178,"Mozilla/5.0 (Windows NT 10.0; Win64; x64) AppleWebKit/537.36 (KHTML, like Gecko) Chrome/123.0.0.0 Safari/537.36",https://dlib.uneti.edu.vn/search?query=%22t%C3%A0i%20li%E1%BB%87u%20h%E1%BB%8Dc%20t%E1%BA%ADp%20c%C6%A1%20%C4%91i%E1%BB%87n%20t%E1%BB%AD%22&spc.page=1,0,desc,,2024-03-29T08:19:06.244Z,1,,,search,
AS,FALSE,search,Hanoi,21.0333,,94c02b38-5037-422c-9975-7ae18d13f401,,,,VN,score,,105.85,,210.245.48.178,"""tài liệu học tập cơ kỹ thuật""",210.245.48.178,"Mozilla/5.0 (Windows NT 10.0; Win64; x64) AppleWebKit/537.36 (KHTML, like Gecko) Chrome/123.0.0.0 Safari/537.36",https://dlib.uneti.edu.vn/search?query=%22t%C3%A0i%20li%E1%BB%87u%20h%E1%BB%8Dc%20t%E1%BA%ADp%20c%C6%A1%20k%E1%BB%B9%20thu%E1%BA%ADt%22&spc.page=1,0,desc,,2024-03-29T08:19:19.148Z,1,,,search,
AS,FALSE,search,Hanoi,21.0333,,c5f8a51e-2c9a-4c00-80f1-9a0681ab017e,,,,VN,score,,105.85,,210.245.48.178,"""Tài liệu học tập Thông gió""",210.245.48.178,"Mozilla/5.0 (Windows NT 10.0; Win64; x64) AppleWebKit/537.36 (KHTML, like Gecko) Chrome/123.0.0.0 Safari/537.36",https://dlib.uneti.edu.vn/search?query=%22T%C3%A0i%20li%E1%BB%87u%20h%E1%BB%8Dc%20t%E1%BA%ADp%20Th%C3%B4ng%20gi%C3%B3%22&spc.page=1,0,desc,,2024-03-29T08:21:13.294Z,1,,,search,
AS,FALSE,search,Hanoi,21.0333,,e41885b0-54fe-4868-9cee-19e98c40bb9c,,,,VN,score,,105.85,,210.245.48.178,"""Tài liệu học tập Kỹ thuật nhiệt""",210.245.48.178,"Mozilla/5.0 (Windows NT 10.0; Win64; x64) AppleWebKit/537.36 (KHTML, like Gecko) Chrome/123.0.0.0 Safari/537.36",https://dlib.uneti.edu.vn/search?query=%22T%C3%A0i%20li%E1%BB%87u%20h%E1%BB%8Dc%20t%E1%BA%ADp%20K%E1%BB%B9%20thu%E1%BA%ADt%20nhi%E1%BB%87t%22&spc.page=1,0,desc,,2024-03-29T08:21:41.922Z,1,,,search,
AS,FALSE,search,Hanoi,21.0333,,c8f57907-47f9-4bdc-92e5-2be4c90b5c8d,,,,VN,score,,105.85,,210.245.48.178,"""Kỹ thuật điện - Tự động hóa""",210.245.48.178,"Mozilla/5.0 (Windows NT 10.0; Win64; x64) AppleWebKit/537.36 (KHTML, like Gecko) Chrome/123.0.0.0 Safari/537.36",https://dlib.uneti.edu.vn/search?query=%22K%E1%BB%B9%20thu%E1%BA%ADt%20%C4%91i%E1%BB%87n%20-%20T%E1%BB%B1%20%C4%91%E1%BB%99ng%20h%C3%B3a%22&spc.page=1,0,desc,,2024-03-29T08:21:57.609Z,1,,,search,
AS,FALSE,search,Hanoi,21.0333,,24ff5100-03e3-4c45-b9e3-289e0d9fea5a,,,,VN,score,,105.85,,117.6.131.70,"""nâng cao hiệu quả hoạt động kinh doanh """,117.6.131.70,"Mozilla/5.0 (Windows NT 10.0; Win64; x64) AppleWebKit/537.36 (KHTML, like Gecko) Chrome/123.0.0.0 Safari/537.36",https://dlib.uneti.edu.vn/search?query=%22n%C3%A2ng%20cao%20hi%E1%BB%87u%20qu%E1%BA%A3%20ho%E1%BA%A1t%20%C4%91%E1%BB%99ng%20kinh%20doanh%20%22&spc.page=1,0,desc,,2024-03-29T08:22:11.908Z,1,d132f5ac-7491-4e9c-82ed-9b4170b8b662,,search,
AS,FALSE,search,Hanoi,21.0333,,6c674e10-b5a2-4b26-a9ba-3eeb614b68d1,,,,VN,score,,105.85,,210.245.48.178,""" Lý thuyết điều khiển tự động""",210.245.48.178,"Mozilla/5.0 (Windows NT 10.0; Win64; x64) AppleWebKit/537.36 (KHTML, like Gecko) Chrome/123.0.0.0 Safari/537.36",https://dlib.uneti.edu.vn/search?query=%22%20L%C3%BD%20thuy%E1%BA%BFt%20%C4%91i%E1%BB%81u%20khi%E1%BB%83n%20t%E1%BB%B1%20%C4%91%E1%BB%99ng%22&spc.page=1,0,desc,,2024-03-29T08:22:18.769Z,1,,,search,
AS,FALSE,search,Hanoi,21.0333,,2e45e1cb-4adf-4bf2-9497-146947dedb72,,,,VN,score,,105.85,,210.245.48.178,"""Công nghệ và Thiết bị in hoa xử lý hoàn tất vật liệu dệt""",210.245.48.178,"Mozilla/5.0 (Windows NT 10.0; Win64; x64) AppleWebKit/537.36 (KHTML, like Gecko) Chrome/123.0.0.0 Safari/537.36",https://dlib.uneti.edu.vn/search?query=%22C%C3%B4ng%20ngh%E1%BB%87%20v%C3%A0%20Thi%E1%BA%BFt%20b%E1%BB%8B%20in%20hoa%20x%E1%BB%AD%20l%C3%BD%20ho%C3%A0n%20t%E1%BA%A5t%20v%E1%BA%ADt%20li%E1%BB%87u%20d%E1%BB%87t%22&spc.page=1,0,desc,,2024-03-29T08:24:43.311Z,1,,,search,
AS,FALSE,search,Hanoi,21.0333,,c9266ba7-1777-42e8-805c-eb80141c8487,,,,VN,score,,105.85,,210.245.48.178,"""Công nghệ và thiết bị nhuộm""",210.245.48.178,"Mozilla/5.0 (Windows NT 10.0; Win64; x64) AppleWebKit/537.36 (KHTML, like Gecko) Chrome/123.0.0.0 Safari/537.36",https://dlib.uneti.edu.vn/search?query=%22C%C3%B4ng%20ngh%E1%BB%87%20v%C3%A0%20thi%E1%BA%BFt%20b%E1%BB%8B%20nhu%E1%BB%99m%22&spc.page=1,0,desc,,2024-03-29T08:24:58.773Z,1,,,search,
AS,FALSE,loan_bitstream,Thanh Pho Thai Nguyen,21.5928,0,012db87b-ed60-404b-b7db-5fd283a251a3,"259f187f-d1e0-4d7d-99db-38f7347843e5,259f187f-d1e0-4d7d-99db-38f7347843e5","Một số giải pháp marketing nhằm đẩy mạnh hoạt động tiêu thu xe máy Honda tại công ty TNHH Hùng Chung Nghĩa,Một số giải pháp marketing nhằm đẩy mạnh hoạt động tiêu thu xe máy Honda tại công ty TNHH Hùng Chung Nghĩa",259f187f-d1e0-4d7d-99db-38f7347843e5,VN,,cadd8d54-f905-494b-8b6a-60a776357eef,105.8442,6a454412-5b9d-43d2-a2f3-7b20aa6b2b4e,116.97.108.103,,116.97.108.103,DRM UNETI/1.0.7 (vn.com.dlcorp.DRMUNETI; build:1; iOS 15.3.1) Alamofire/5.8.0,,,,ORIGINAL,2024-03-29T01:13:06.012Z,,90981870-1077-4f50-8593-6038962e15ac,"UNETI/2755,UNETI/2755",loan_bitstream_0,1ee6794e-7c0f-4c90-8a2d-d31c5731362e
AS,FALSE,loan_bitstream,Thanh Pho Thai Nguyen,21.5928,0,0c408821-731f-41b8-8a1a-437334562fb1,"249cc973-f129-40b1-a90c-38893b6acf9d,249cc973-f129-40b1-a90c-38893b6acf9d","Một số giải pháp marketing nhằm nâng cao khả năng tiêu thụ sản phẩm bóng đèn tại công ty Rạng Đông giai đoạn 2022-2025,Một số giải pháp marketing nhằm nâng cao khả năng tiêu thụ sản phẩm bóng đèn tại công ty Rạng Đông giai đoạn 2022-2025",249cc973-f129-40b1-a90c-38893b6acf9d,VN,,09632a0e-1354-404b-91f8-20be1f7a91cc,105.8442,6a454412-5b9d-43d2-a2f3-7b20aa6b2b4e,116.97.108.103,,116.97.108.103,DRM UNETI/1.0.7 (vn.com.dlcorp.DRMUNETI; build:1; iOS 15.3.1) Alamofire/5.8.0,,,,ORIGINAL,2024-03-29T01:14:08.211Z,,90981870-1077-4f50-8593-6038962e15ac,"UNETI/2466,UNETI/2466",loan_bitstream_0,1ee6794e-7c0f-4c90-8a2d-d31c5731362e
AS,FALSE,loan_bitstream,Thanh Pho Thai Nguyen,21.5928,0,e8aa5a8b-0acb-49d6-8813-36e6754f2558,"0b32147f-ba09-42a8-855f-26edc6bc1a0c,0b32147f-ba09-42a8-855f-26edc6bc1a0c","Giải pháp marketing nhằm nâng cao năng lực cạnh tranh của Công ty Cổ phần Công nghệ tài chính VNFITE,Giải pháp marketing nhằm nâng cao năng lực cạnh tranh của Công ty Cổ phần Công nghệ tài chính VNFITE",0b32147f-ba09-42a8-855f-26edc6bc1a0c,VN,,92be4107-0863-4a14-a544-f5f36465fd0a,105.8442,6a454412-5b9d-43d2-a2f3-7b20aa6b2b4e,116.97.108.103,,116.97.108.103,DRM UNETI/1.0.7 (vn.com.dlcorp.DRMUNETI; build:1; iOS 15.3.1) Alamofire/5.8.0,,,,ORIGINAL,2024-03-29T01:15:07.632Z,,90981870-1077-4f50-8593-6038962e15ac,"UNETI/2663,UNETI/2663",loan_bitstream_0,1ee6794e-7c0f-4c90-8a2d-d31c5731362e
AS,FALSE,loan_bitstream,Thanh Pho Thai Nguyen,21.5928,0,d04f9811-67a7-4cc1-aecc-c6fea305f6be,"11941ae9-11a7-4476-a7b0-1b8c9f7b0b1e,11941ae9-11a7-4476-a7b0-1b8c9f7b0b1e","Giải pháp marketing nhằm nâng cao hiệu quả tiêu thụ sản phẩm tại Công ty trách nhiệm hữu hạn một thành viên Alifaco,Giải pháp marketing nhằm nâng cao hiệu quả tiêu thụ sản phẩm tại Công ty trách nhiệm hữu hạn một thành viên Alifaco",11941ae9-11a7-4476-a7b0-1b8c9f7b0b1e,VN,,25ffd3d2-8edb-40b7-9c09-9d63769df788,105.8442,6a454412-5b9d-43d2-a2f3-7b20aa6b2b4e,116.97.108.103,,116.97.108.103,DRM UNETI/1.0.7 (vn.com.dlcorp.DRMUNETI; build:1; iOS 15.3.1) Alamofire/5.8.0,,,,ORIGINAL,2024-03-29T01:16:15.075Z,,90981870-1077-4f50-8593-6038962e15ac,"UNETI/2671,UNETI/2671",loan_bitstream_0,1ee6794e-7c0f-4c90-8a2d-d31c5731362e
AS,FALSE,loan_bitstream,Thanh Pho Thai Nguyen,21.5928,0,ed13b596-9896-47a5-a239-8d7f7c0988be,"80ddfc79-ff71-4763-9911-cfdb716325b9,80ddfc79-ff71-4763-9911-cfdb716325b9","Giải pháp marketing nhằm nâng cao khả năng tiêu thụ sản phẩm tại công ty TNHH dệt may XNK Thái Sơn,Giải pháp marketing nhằm nâng cao khả năng tiêu thụ sản phẩm tại công ty TNHH dệt may XNK Thái Sơn",80ddfc79-ff71-4763-9911-cfdb716325b9,VN,,6f1dd7b8-0a66-42ec-9bcc-d5b119ae7d1f,105.8442,6a454412-5b9d-43d2-a2f3-7b20aa6b2b4e,116.97.108.103,,116.97.108.103,DRM UNETI/1.0.7 (vn.com.dlcorp.DRMUNETI; build:1; iOS 15.3.1) Alamofire/5.8.0,,,,ORIGINAL,2024-03-29T01:18:49.525Z,,90981870-1077-4f50-8593-6038962e15ac,"UNETI/2647,UNETI/2647",loan_bitstream_0,1ee6794e-7c0f-4c90-8a2d-d31c5731362e
AS,FALSE,loan_bitstream,Thanh Pho Thai Nguyen,21.5928,0,2c1190a7-9ce9-416e-b6d0-f9f04fbe353b,"ecdcff74-f636-45f5-a3a6-a1a52d463097,ecdcff74-f636-45f5-a3a6-a1a52d463097","Nghiên cứu và đề xuất giải pháp nâng cao khả năng tiêu thụ mặt hàng Nhật nội địa tại công ty Cổ phần thương mại và xuất nhập khẩu HSC39,Nghiên cứu và đề xuất giải pháp nâng cao khả năng tiêu thụ mặt hàng Nhật nội địa tại công ty Cổ phần thương mại và xuất nhập khẩu HSC39",ecdcff74-f636-45f5-a3a6-a1a52d463097,VN,,1f1be40a-f6fe-40c1-aa4c-45d508913819,105.8442,6a454412-5b9d-43d2-a2f3-7b20aa6b2b4e,116.97.108.103,,116.97.108.103,DRM UNETI/1.0.7 (vn.com.dlcorp.DRMUNETI; build:1; iOS 15.3.1) Alamofire/5.8.0,,,,ORIGINAL,2024-03-29T01:21:42.643Z,,90981870-1077-4f50-8593-6038962e15ac,"UNETI/2197,UNETI/2197",loan_bitstream_0,1ee6794e-7c0f-4c90-8a2d-d31c5731362e
AS,FALSE,loan_bitstream,Hanoi,21.0333,0,11d59d8c-f43b-4ef9-a2aa-a7efacd4179d,"936d9650-1eb9-4109-b01a-84cd4260bdee,936d9650-1eb9-4109-b01a-84cd4260bdee","Kế toán tập hợp chi phí sản xuất và tính giá thành sản phẩm tại Công ty TNHH Eco Nakano Việt Nam,Kế toán tập hợp chi phí sản xuất và tính giá thành sản phẩm tại Công ty TNHH Eco Nakano Việt Nam",936d9650-1eb9-4109-b01a-84cd4260bdee,VN,,07f9088c-112f-4382-a47e-5c457cec48c1,105.85,6a454412-5b9d-43d2-a2f3-7b20aa6b2b4e,117.7.0.92,,117.7.0.92,"Mozilla/5.0 (Windows NT 10.0; Win64; x64) AppleWebKit/537.36 (KHTML, like Gecko) DLCorp.DRM.UNETI/2.0.0 Chrome/102.0.5005.61 Electron/19.0.1 Safari/537.36",,,,ORIGINAL,2024-03-29T09:38:00.194Z,,4180720d-cd33-49c0-8a68-81a46f225e5a,"UNETI/3201,UNETI/3201",loan_bitstream_0,9e7e7fa2-963a-464c-b616-db75e9d389ca
AS,FALSE,loan_bitstream,Hanoi,21.0333,0,64eceb8b-dcbd-4a2b-93a1-728cf486d6cf,"e32b7743-e451-4758-a6a1-6795bc76655d,e32b7743-e451-4758-a6a1-6795bc76655d","Kế toán tập hợp chi phí sản xuất và tính giá thành sản phẩm tại công ty TNHH Vũ Xuân Binh,Kế toán tập hợp chi phí sản xuất và tính giá thành sản phẩm tại công ty TNHH Vũ Xuân Binh",e32b7743-e451-4758-a6a1-6795bc76655d,VN,,cc55f617-c7cc-4cd1-9f47-d7b1e9ca8fec,105.85,6a454412-5b9d-43d2-a2f3-7b20aa6b2b4e,117.7.0.92,,117.7.0.92,"Mozilla/5.0 (Windows NT 10.0; Win64; x64) AppleWebKit/537.36 (KHTML, like Gecko) DLCorp.DRM.UNETI/2.0.0 Chrome/102.0.5005.61 Electron/19.0.1 Safari/537.36",,,,ORIGINAL,2024-03-29T09:56:28.713Z,,4180720d-cd33-49c0-8a68-81a46f225e5a,"UNETI/3264,UNETI/3264",loan_bitstream_0,9e7e7fa2-963a-464c-b616-db75e9d389ca
AS,FALSE,loan_bitstream,Hanoi,21.0333,0,19b492a2-362a-44aa-a834-c1ce356eba67,"6f70fb3c-2ac5-4145-b290-73a780f63604,6f70fb3c-2ac5-4145-b290-73a780f63604","Kế toán tập hợp chi phí sản xuất và tính giá thành sản phẩm tại công ty cổ phần SX và TM vật liệu mới,Kế toán tập hợp chi phí sản xuất và tính giá thành sản phẩm tại công ty cổ phần SX và TM vật liệu mới",6f70fb3c-2ac5-4145-b290-73a780f63604,VN,,c9e727e8-1332-4ce9-b50d-a8ac4d5af3de,105.85,6a454412-5b9d-43d2-a2f3-7b20aa6b2b4e,117.7.0.92,,117.7.0.92,"Mozilla/5.0 (Windows NT 10.0; Win64; x64) AppleWebKit/537.36 (KHTML, like Gecko) DLCorp.DRM.UNETI/2.0.0 Chrome/102.0.5005.61 Electron/19.0.1 Safari/537.36",,,,ORIGINAL,2024-03-29T09:53:15.795Z,,4180720d-cd33-49c0-8a68-81a46f225e5a,"UNETI/3097,UNETI/3097",loan_bitstream_0,9e7e7fa2-963a-464c-b616-db75e9d389ca
AS,FALSE,loan_bitstream,Hanoi,21.0333,0,43e822e1-79ad-4806-8952-e889f4e1fcbf,"15754bf7-851e-4ac9-835d-1e999c8dd8db,15754bf7-851e-4ac9-835d-1e999c8dd8db","Kế toán tập hợp chi phí sản xuất và tính giá thành tại Công ty TNHH Thực Phẩm Nam Thắng,Kế toán tập hợp chi phí sản xuất và tính giá thành tại Công ty TNHH Thực Phẩm Nam Thắng",15754bf7-851e-4ac9-835d-1e999c8dd8db,VN,,51303441-d9d6-4d1c-a088-d434daa082e9,105.85,6a454412-5b9d-43d2-a2f3-7b20aa6b2b4e,117.7.0.92,,117.7.0.92,"Mozilla/5.0 (Windows NT 10.0; Win64; x64) AppleWebKit/537.36 (KHTML, like Gecko) DLCorp.DRM.UNETI/2.0.0 Chrome/102.0.5005.61 Electron/19.0.1 Safari/537.36",,,,ORIGINAL,2024-03-29T09:53:30.197Z,,4180720d-cd33-49c0-8a68-81a46f225e5a,"UNETI/3247,UNETI/3247",loan_bitstream_0,9e7e7fa2-963a-464c-b616-db75e9d389ca
